,wall_time,step,value,dataset,resolution,model_step,sampler,vae,num_fad_samples,fad_model,reference_dataset
0,1716266052.924708,0,0.5899614095687866,ssd,256,40000,ddpm,,1600,clap-laion-audio,spotify_sleep_dataset
1,1716266108.625991,0,0.5942221879959106,ssd,256,40000,ddpm,,1600,clap-laion-music,spotify_sleep_dataset
2,1716266116.905505,0,6.104685306549072,ssd,256,40000,ddpm,,1600,vggish,spotify_sleep_dataset
3,1716266181.9356916,0,23.567800521850586,ssd,256,40000,ddpm,,1600,encodec-emb-48k,spotify_sleep_dataset
4,1716266244.0013716,0,130.4004669189453,ssd,256,40000,ddpm,,1600,encodec-emb,spotify_sleep_dataset
5,1716266488.3906794,0,31.088361740112305,ssd,256,40000,ddpm,,1600,MERT-v1-95M,spotify_sleep_dataset
6,1716266491.3577259,0,0.7559857368469238,ssd,256,40000,ddpm,,1600,clap-laion-audio,fma_pop
7,1716266494.32508,0,0.8462550044059753,ssd,256,40000,ddpm,,1600,clap-laion-music,fma_pop
8,1716266496.9113266,0,11.860357284545898,ssd,256,40000,ddpm,,1600,vggish,fma_pop
9,1716266509.9276419,0,106.0681381225586,ssd,256,40000,ddpm,,1600,encodec-emb-48k,fma_pop
10,1716266512.489686,0,382.189697265625,ssd,256,40000,ddpm,,1600,encodec-emb,fma_pop
11,1716266515.8500872,0,31.545135498046875,ssd,256,40000,ddpm,,1600,MERT-v1-95M,fma_pop
12,1716266518.6966577,0,0.7172180414199829,ssd,256,40000,ddpm,,1600,clap-laion-audio,musiccaps
13,1716266521.5645063,0,0.8187925219535828,ssd,256,40000,ddpm,,1600,clap-laion-music,musiccaps
14,1716266524.049904,0,15.814581871032715,ssd,256,40000,ddpm,,1600,vggish,musiccaps
15,1716266535.4814384,0,74.6652603149414,ssd,256,40000,ddpm,,1600,encodec-emb-48k,musiccaps
16,1716266537.9462411,0,271.0627746582031,ssd,256,40000,ddpm,,1600,encodec-emb,musiccaps
17,1716266541.1707137,0,27.36212730407715,ssd,256,40000,ddpm,,1600,MERT-v1-95M,musiccaps
18,1716685427.0473042,0,0.5807263255119324,ssd,256,40000,ddpm,,480,clap-laion-audio,spotify_sleep_dataset
19,1716685469.3704255,0,0.5818060040473938,ssd,256,40000,ddpm,,480,clap-laion-music,spotify_sleep_dataset
20,1716685492.6330333,0,5.793263912200928,ssd,256,40000,ddpm,,480,vggish,spotify_sleep_dataset
21,1716685495.4734387,0,0.7466171979904175,ssd,256,40000,ddpm,,480,clap-laion-audio,fma_pop
22,1716685498.2551472,0,0.8381322026252747,ssd,256,40000,ddpm,,480,clap-laion-music,fma_pop
23,1716685500.6572828,0,11.56423568725586,ssd,256,40000,ddpm,,480,vggish,fma_pop
24,1716685503.3744383,0,0.7072994709014893,ssd,256,40000,ddpm,,480,clap-laion-audio,musiccaps
25,1716685506.052368,0,0.8123741149902344,ssd,256,40000,ddpm,,480,clap-laion-music,musiccaps
26,1716685508.371346,0,15.557220458984375,ssd,256,40000,ddpm,,480,vggish,musiccaps
27,1716685408.864406,0,0.711883544921875,ssd,256,40000,ddpm,,40,clap-laion-audio,spotify_sleep_dataset
28,1716685436.4205177,0,0.6929975748062134,ssd,256,40000,ddpm,,40,clap-laion-music,spotify_sleep_dataset
29,1716685449.8449657,0,9.022017478942871,ssd,256,40000,ddpm,,40,vggish,spotify_sleep_dataset
30,1716685452.8263178,0,0.8707723021507263,ssd,256,40000,ddpm,,40,clap-laion-audio,fma_pop
31,1716685456.3764908,0,0.9660167098045349,ssd,256,40000,ddpm,,40,clap-laion-music,fma_pop
32,1716685462.6776738,0,14.573993682861328,ssd,256,40000,ddpm,,40,vggish,fma_pop
33,1716685468.806797,0,0.8404677510261536,ssd,256,40000,ddpm,,40,clap-laion-audio,musiccaps
34,1716685471.6567187,0,0.9550426006317139,ssd,256,40000,ddpm,,40,clap-laion-music,musiccaps
35,1716685474.0894048,0,18.656911849975586,ssd,256,40000,ddpm,,40,vggish,musiccaps
36,1716685341.8530877,0,0.5905104875564575,ssd,256,40000,ddpm,,160,clap-laion-audio,spotify_sleep_dataset
37,1716685382.3166344,0,0.5890658497810364,ssd,256,40000,ddpm,,160,clap-laion-music,spotify_sleep_dataset
38,1716685409.814458,0,5.920903205871582,ssd,256,40000,ddpm,,160,vggish,spotify_sleep_dataset
39,1716685413.5441375,0,0.7555074691772461,ssd,256,40000,ddpm,,160,clap-laion-audio,fma_pop
40,1716685416.6022015,0,0.84739750623703,ssd,256,40000,ddpm,,160,clap-laion-music,fma_pop
41,1716685419.233888,0,11.541939735412598,ssd,256,40000,ddpm,,160,vggish,fma_pop
42,1716685422.1461422,0,0.7182503938674927,ssd,256,40000,ddpm,,160,clap-laion-audio,musiccaps
43,1716685425.2796109,0,0.829001247882843,ssd,256,40000,ddpm,,160,clap-laion-music,musiccaps
44,1716685427.7064154,0,15.706212043762207,ssd,256,40000,ddpm,,160,vggish,musiccaps
45,1716685354.06438,0,0.5796388387680054,ssd,256,40000,ddpm,,1280,clap-laion-audio,spotify_sleep_dataset
46,1716685420.1286654,0,0.5813788771629333,ssd,256,40000,ddpm,,1280,clap-laion-music,spotify_sleep_dataset
47,1716685447.2797477,0,5.974207878112793,ssd,256,40000,ddpm,,1280,vggish,spotify_sleep_dataset
48,1716685450.271093,0,0.7423572540283203,ssd,256,40000,ddpm,,1280,clap-laion-audio,fma_pop
49,1716685453.0615747,0,0.833378791809082,ssd,256,40000,ddpm,,1280,clap-laion-music,fma_pop
50,1716685455.6018074,0,11.69687557220459,ssd,256,40000,ddpm,,1280,vggish,fma_pop
51,1716685458.356568,0,0.703782320022583,ssd,256,40000,ddpm,,1280,clap-laion-audio,musiccaps
52,1716685461.1844106,0,0.8090987801551819,ssd,256,40000,ddpm,,1280,clap-laion-music,musiccaps
53,1716685463.589396,0,15.662210464477539,ssd,256,40000,ddpm,,1280,vggish,musiccaps
54,1716685356.6045709,0,0.5744307637214661,ssd,256,40000,ddpm,,1440,clap-laion-audio,spotify_sleep_dataset
55,1716685429.0379727,0,0.5781935453414917,ssd,256,40000,ddpm,,1440,clap-laion-music,spotify_sleep_dataset
56,1716685456.8016195,0,5.8098344802856445,ssd,256,40000,ddpm,,1440,vggish,spotify_sleep_dataset
57,1716685459.6038568,0,0.7341695427894592,ssd,256,40000,ddpm,,1440,clap-laion-audio,fma_pop
58,1716685462.3767614,0,0.8268756866455078,ssd,256,40000,ddpm,,1440,clap-laion-music,fma_pop
59,1716685464.7860615,0,11.496466636657715,ssd,256,40000,ddpm,,1440,vggish,fma_pop
60,1716685467.4361079,0,0.6955973505973816,ssd,256,40000,ddpm,,1440,clap-laion-audio,musiccaps
61,1716685470.1451218,0,0.8011502623558044,ssd,256,40000,ddpm,,1440,clap-laion-music,musiccaps
62,1716685472.492698,0,15.49012279510498,ssd,256,40000,ddpm,,1440,vggish,musiccaps
63,1716685446.543723,0,0.6078886985778809,ssd,256,40000,ddpm,,80,clap-laion-audio,spotify_sleep_dataset
64,1716685488.1438432,0,0.5989612340927124,ssd,256,40000,ddpm,,80,clap-laion-music,spotify_sleep_dataset
65,1716685506.090555,0,6.067509174346924,ssd,256,40000,ddpm,,80,vggish,spotify_sleep_dataset
66,1716685514.3129601,0,0.8039497137069702,ssd,256,40000,ddpm,,80,clap-laion-audio,fma_pop
67,1716685523.3411329,0,0.8919522166252136,ssd,256,40000,ddpm,,80,clap-laion-music,fma_pop
68,1716685525.789081,0,12.3165922164917,ssd,256,40000,ddpm,,80,vggish,fma_pop
69,1716685528.6330855,0,0.7702996134757996,ssd,256,40000,ddpm,,80,clap-laion-audio,musiccaps
70,1716685531.417707,0,0.8827836513519287,ssd,256,40000,ddpm,,80,clap-laion-music,musiccaps
71,1716685534.3684542,0,16.567546844482422,ssd,256,40000,ddpm,,80,vggish,musiccaps
72,1716685500.4315088,0,0.5822163820266724,ssd,256,40000,ddpm,,960,clap-laion-audio,spotify_sleep_dataset
73,1716685559.5435455,0,0.5832690000534058,ssd,256,40000,ddpm,,960,clap-laion-music,spotify_sleep_dataset
74,1716685585.4106162,0,6.017852783203125,ssd,256,40000,ddpm,,960,vggish,spotify_sleep_dataset
75,1716685588.239721,0,0.7457360029220581,ssd,256,40000,ddpm,,960,clap-laion-audio,fma_pop
76,1716685591.1218894,0,0.8327829837799072,ssd,256,40000,ddpm,,960,clap-laion-music,fma_pop
77,1716685593.5930195,0,11.742271423339844,ssd,256,40000,ddpm,,960,vggish,fma_pop
78,1716685596.282226,0,0.7069841623306274,ssd,256,40000,ddpm,,960,clap-laion-audio,musiccaps
79,1716685599.0035193,0,0.8073842525482178,ssd,256,40000,ddpm,,960,clap-laion-music,musiccaps
80,1716685601.7304852,0,15.708779335021973,ssd,256,40000,ddpm,,960,vggish,musiccaps
81,1716685349.1032488,0,0.578717052936554,ssd,256,40000,ddpm,,1120,clap-laion-audio,spotify_sleep_dataset
82,1716685409.209625,0,0.5807243585586548,ssd,256,40000,ddpm,,1120,clap-laion-music,spotify_sleep_dataset
83,1716685433.9405863,0,5.841476917266846,ssd,256,40000,ddpm,,1120,vggish,spotify_sleep_dataset
84,1716685436.6996636,0,0.7399269342422485,ssd,256,40000,ddpm,,1120,clap-laion-audio,fma_pop
85,1716685439.4446573,0,0.8322897553443909,ssd,256,40000,ddpm,,1120,clap-laion-music,fma_pop
86,1716685441.815636,0,11.576062202453613,ssd,256,40000,ddpm,,1120,vggish,fma_pop
87,1716685444.4450238,0,0.7016832232475281,ssd,256,40000,ddpm,,1120,clap-laion-audio,musiccaps
88,1716685447.1007156,0,0.8067640066146851,ssd,256,40000,ddpm,,1120,clap-laion-music,musiccaps
89,1716685449.4029837,0,15.561182022094727,ssd,256,40000,ddpm,,1120,vggish,musiccaps
90,1716685345.149796,0,0.5817588567733765,ssd,256,40000,ddpm,,320,clap-laion-audio,spotify_sleep_dataset
91,1716685385.6851075,0,0.5826330184936523,ssd,256,40000,ddpm,,320,clap-laion-music,spotify_sleep_dataset
92,1716685413.5841787,0,5.878549098968506,ssd,256,40000,ddpm,,320,vggish,spotify_sleep_dataset
93,1716685416.6559846,0,0.7539893984794617,ssd,256,40000,ddpm,,320,clap-laion-audio,fma_pop
94,1716685419.6875503,0,0.8501642942428589,ssd,256,40000,ddpm,,320,clap-laion-music,fma_pop
95,1716685422.087986,0,11.745561599731445,ssd,256,40000,ddpm,,320,vggish,fma_pop
96,1716685425.055653,0,0.7156561613082886,ssd,256,40000,ddpm,,320,clap-laion-audio,musiccaps
97,1716685427.8688867,0,0.8283220529556274,ssd,256,40000,ddpm,,320,clap-laion-music,musiccaps
98,1716685430.1380885,0,15.804516792297363,ssd,256,40000,ddpm,,320,vggish,musiccaps
99,1716685473.2603674,0,0.580532968044281,ssd,256,40000,ddpm,,800,clap-laion-audio,spotify_sleep_dataset
100,1716685527.4704313,0,0.5844353437423706,ssd,256,40000,ddpm,,800,clap-laion-music,spotify_sleep_dataset
101,1716685555.9470875,0,5.936166286468506,ssd,256,40000,ddpm,,800,vggish,spotify_sleep_dataset
102,1716685558.6792297,0,0.7417980432510376,ssd,256,40000,ddpm,,800,clap-laion-audio,fma_pop
103,1716685561.496965,0,0.8350386023521423,ssd,256,40000,ddpm,,800,clap-laion-music,fma_pop
104,1716685563.9518225,0,11.555739402770996,ssd,256,40000,ddpm,,800,vggish,fma_pop
105,1716685566.6169615,0,0.7045729756355286,ssd,256,40000,ddpm,,800,clap-laion-audio,musiccaps
106,1716685569.2369437,0,0.810940682888031,ssd,256,40000,ddpm,,800,clap-laion-music,musiccaps
107,1716685571.4988737,0,15.563913345336914,ssd,256,40000,ddpm,,800,vggish,musiccaps
108,1716685469.693216,0,0.5693066120147705,ssd,256,40000,ddpm,,640,clap-laion-audio,spotify_sleep_dataset
109,1716685516.2817912,0,0.5724787712097168,ssd,256,40000,ddpm,,640,clap-laion-music,spotify_sleep_dataset
110,1716685546.913378,0,5.605443954467773,ssd,256,40000,ddpm,,640,vggish,spotify_sleep_dataset
111,1716685555.5809474,0,0.7354791760444641,ssd,256,40000,ddpm,,640,clap-laion-audio,fma_pop
112,1716685558.2720156,0,0.8302994966506958,ssd,256,40000,ddpm,,640,clap-laion-music,fma_pop
113,1716685560.5802226,0,11.497715950012207,ssd,256,40000,ddpm,,640,vggish,fma_pop
114,1716685563.2674346,0,0.6969417929649353,ssd,256,40000,ddpm,,640,clap-laion-audio,musiccaps
115,1716685565.8718543,0,0.8078429102897644,ssd,256,40000,ddpm,,640,clap-laion-music,musiccaps
116,1716685568.0419178,0,15.541172981262207,ssd,256,40000,ddpm,,640,vggish,musiccaps
117,1716266066.9468226,0,0.6249386668205261,ssd,256,40000,ddim,,2048,clap-laion-audio,spotify_sleep_dataset
118,1716266126.1264184,0,0.611859917640686,ssd,256,40000,ddim,,2048,clap-laion-music,spotify_sleep_dataset
119,1716266140.5382824,0,5.787899017333984,ssd,256,40000,ddim,,2048,vggish,spotify_sleep_dataset
120,1716266238.3563492,0,25.787778854370117,ssd,256,40000,ddim,,2048,encodec-emb-48k,spotify_sleep_dataset
121,1716266273.9466197,0,148.36138916015625,ssd,256,40000,ddim,,2048,encodec-emb,spotify_sleep_dataset
122,1716266488.6122005,0,27.92424964904785,ssd,256,40000,ddim,,2048,MERT-v1-95M,spotify_sleep_dataset
123,1716266491.6084895,0,0.7647392749786377,ssd,256,40000,ddim,,2048,clap-laion-audio,fma_pop
124,1716266494.5841882,0,0.8484863042831421,ssd,256,40000,ddim,,2048,clap-laion-music,fma_pop
125,1716266497.152014,0,11.159649848937988,ssd,256,40000,ddim,,2048,vggish,fma_pop
126,1716266510.729584,0,114.77639770507812,ssd,256,40000,ddim,,2048,encodec-emb-48k,fma_pop
127,1716266513.2268195,0,421.0693359375,ssd,256,40000,ddim,,2048,encodec-emb,fma_pop
128,1716266516.6020265,0,28.954927444458008,ssd,256,40000,ddim,,2048,MERT-v1-95M,fma_pop
129,1716266519.4056227,0,0.7358289361000061,ssd,256,40000,ddim,,2048,clap-laion-audio,musiccaps
130,1716266522.2482939,0,0.8483445048332214,ssd,256,40000,ddim,,2048,clap-laion-music,musiccaps
131,1716266524.6908073,0,15.183123588562012,ssd,256,40000,ddim,,2048,vggish,musiccaps
132,1716266536.585423,0,82.33868408203125,ssd,256,40000,ddim,,2048,encodec-emb-48k,musiccaps
133,1716266538.9759595,0,305.389892578125,ssd,256,40000,ddim,,2048,encodec-emb,musiccaps
134,1716266542.4793603,0,25.110679626464844,ssd,256,40000,ddim,,2048,MERT-v1-95M,musiccaps
135,1716685028.0167465,0,0.6239858269691467,ssd,256,40000,ddim,,819,clap-laion-audio,spotify_sleep_dataset
136,1716685113.0289886,0,0.6093778014183044,ssd,256,40000,ddim,,819,clap-laion-music,spotify_sleep_dataset
137,1716685157.7116582,0,5.783897399902344,ssd,256,40000,ddim,,819,vggish,spotify_sleep_dataset
138,1716685160.7148278,0,0.7686694860458374,ssd,256,40000,ddim,,819,clap-laion-audio,fma_pop
139,1716685164.0412917,0,0.8473323583602905,ssd,256,40000,ddim,,819,clap-laion-music,fma_pop
140,1716685168.2497897,0,11.316654205322266,ssd,256,40000,ddim,,819,vggish,fma_pop
141,1716685172.1568873,0,0.7383343577384949,ssd,256,40000,ddim,,819,clap-laion-audio,musiccaps
142,1716685175.7361193,0,0.8453343510627747,ssd,256,40000,ddim,,819,clap-laion-music,musiccaps
143,1716685178.9791195,0,15.2623872756958,ssd,256,40000,ddim,,819,vggish,musiccaps
144,1716683908.4104786,0,0.6253156661987305,ssd,256,40000,ddim,,102,clap-laion-audio,spotify_sleep_dataset
145,1716684135.5029714,0,0.6115028858184814,ssd,256,40000,ddim,,102,clap-laion-music,spotify_sleep_dataset
146,1716684331.7731154,0,5.370146751403809,ssd,256,40000,ddim,,102,vggish,spotify_sleep_dataset
147,1716684397.437518,0,0.7635019421577454,ssd,256,40000,ddim,,102,clap-laion-audio,fma_pop
148,1716684500.48586,0,0.8552134037017822,ssd,256,40000,ddim,,102,clap-laion-music,fma_pop
149,1716684646.2680671,0,10.656980514526367,ssd,256,40000,ddim,,102,vggish,fma_pop
150,1716684731.6494346,0,0.7371907830238342,ssd,256,40000,ddim,,102,clap-laion-audio,musiccaps
151,1716684806.4858756,0,0.8474039435386658,ssd,256,40000,ddim,,102,clap-laion-music,musiccaps
152,1716684881.143233,0,14.83006763458252,ssd,256,40000,ddim,,102,vggish,musiccaps
153,1716685027.5516088,0,0.6266453862190247,ssd,256,40000,ddim,,614,clap-laion-audio,spotify_sleep_dataset
154,1716685101.3754916,0,0.6120963096618652,ssd,256,40000,ddim,,614,clap-laion-music,spotify_sleep_dataset
155,1716685131.4705012,0,5.85368537902832,ssd,256,40000,ddim,,614,vggish,spotify_sleep_dataset
156,1716685135.8584082,0,0.7651264667510986,ssd,256,40000,ddim,,614,clap-laion-audio,fma_pop
157,1716685140.2944343,0,0.8458424210548401,ssd,256,40000,ddim,,614,clap-laion-music,fma_pop
158,1716685144.35757,0,11.272268295288086,ssd,256,40000,ddim,,614,vggish,fma_pop
159,1716685148.1341472,0,0.736089825630188,ssd,256,40000,ddim,,614,clap-laion-audio,musiccaps
160,1716685152.0435035,0,0.8430060148239136,ssd,256,40000,ddim,,614,clap-laion-music,musiccaps
161,1716685155.469112,0,15.277482032775879,ssd,256,40000,ddim,,614,vggish,musiccaps
162,1716684069.7690706,0,0.6195203065872192,ssd,256,40000,ddim,,1228,clap-laion-audio,spotify_sleep_dataset
163,1716684178.6110384,0,0.6071037650108337,ssd,256,40000,ddim,,1228,clap-laion-music,spotify_sleep_dataset
164,1716684355.524414,0,5.624129772186279,ssd,256,40000,ddim,,1228,vggish,spotify_sleep_dataset
165,1716684396.5649586,0,0.7619807124137878,ssd,256,40000,ddim,,1228,clap-laion-audio,fma_pop
166,1716684500.4124954,0,0.8473346829414368,ssd,256,40000,ddim,,1228,clap-laion-music,fma_pop
167,1716684646.248073,0,11.095847129821777,ssd,256,40000,ddim,,1228,vggish,fma_pop
168,1716684731.5017517,0,0.7328773140907288,ssd,256,40000,ddim,,1228,clap-laion-audio,musiccaps
169,1716684806.3198187,0,0.8450368046760559,ssd,256,40000,ddim,,1228,clap-laion-music,musiccaps
170,1716684881.1904078,0,15.123226165771484,ssd,256,40000,ddim,,1228,vggish,musiccaps
171,1716684070.22737,0,0.625709593296051,ssd,256,40000,ddim,,1433,clap-laion-audio,spotify_sleep_dataset
172,1716684186.2663183,0,0.6124593615531921,ssd,256,40000,ddim,,1433,clap-laion-music,spotify_sleep_dataset
173,1716684355.6090217,0,5.737122058868408,ssd,256,40000,ddim,,1433,vggish,spotify_sleep_dataset
174,1716684396.6455834,0,0.7657952308654785,ssd,256,40000,ddim,,1433,clap-laion-audio,fma_pop
175,1716684500.4426858,0,0.8484939336776733,ssd,256,40000,ddim,,1433,clap-laion-music,fma_pop
176,1716684646.3076234,0,11.229470252990723,ssd,256,40000,ddim,,1433,vggish,fma_pop
177,1716684731.473409,0,0.737494170665741,ssd,256,40000,ddim,,1433,clap-laion-audio,musiccaps
178,1716684806.3825321,0,0.8454474806785583,ssd,256,40000,ddim,,1433,clap-laion-music,musiccaps
179,1716684881.2029521,0,15.234278678894043,ssd,256,40000,ddim,,1433,vggish,musiccaps
180,1716684072.235154,0,0.6256094574928284,ssd,256,40000,ddim,,1638,clap-laion-audio,spotify_sleep_dataset
181,1716684189.8668761,0,0.6117372512817383,ssd,256,40000,ddim,,1638,clap-laion-music,spotify_sleep_dataset
182,1716684356.9992635,0,5.771293640136719,ssd,256,40000,ddim,,1638,vggish,spotify_sleep_dataset
183,1716684396.6747646,0,0.7642698287963867,ssd,256,40000,ddim,,1638,clap-laion-audio,fma_pop
184,1716684500.3371334,0,0.8463484644889832,ssd,256,40000,ddim,,1638,clap-laion-music,fma_pop
185,1716684646.277787,0,11.1882963180542,ssd,256,40000,ddim,,1638,vggish,fma_pop
186,1716684731.5299191,0,0.7349878549575806,ssd,256,40000,ddim,,1638,clap-laion-audio,musiccaps
187,1716684806.3481884,0,0.8436493873596191,ssd,256,40000,ddim,,1638,clap-laion-music,musiccaps
188,1716684881.1388538,0,15.185349464416504,ssd,256,40000,ddim,,1638,vggish,musiccaps
189,1716684971.8930955,0,0.6238506436347961,ssd,256,40000,ddim,,204,clap-laion-audio,spotify_sleep_dataset
190,1716685006.4412587,0,0.6152054071426392,ssd,256,40000,ddim,,204,clap-laion-music,spotify_sleep_dataset
191,1716685028.584719,0,5.426454067230225,ssd,256,40000,ddim,,204,vggish,spotify_sleep_dataset
192,1716685031.3820174,0,0.7745198607444763,ssd,256,40000,ddim,,204,clap-laion-audio,fma_pop
193,1716685034.423028,0,0.8666749000549316,ssd,256,40000,ddim,,204,clap-laion-music,fma_pop
194,1716685036.9401245,0,11.166105270385742,ssd,256,40000,ddim,,204,vggish,fma_pop
195,1716685039.642005,0,0.745569109916687,ssd,256,40000,ddim,,204,clap-laion-audio,musiccaps
196,1716685042.3520494,0,0.8628060221672058,ssd,256,40000,ddim,,204,clap-laion-music,musiccaps
197,1716685044.6817505,0,15.376969337463379,ssd,256,40000,ddim,,204,vggish,musiccaps
198,1716684962.1468222,0,0.6981304287910461,ssd,256,40000,ddim,,51,clap-laion-audio,spotify_sleep_dataset
199,1716684992.454204,0,0.679084300994873,ssd,256,40000,ddim,,51,clap-laion-music,spotify_sleep_dataset
200,1716685007.0208027,0,6.4277238845825195,ssd,256,40000,ddim,,51,vggish,spotify_sleep_dataset
201,1716685014.6874223,0,0.8496023416519165,ssd,256,40000,ddim,,51,clap-laion-audio,fma_pop
202,1716685018.3626206,0,0.9303203821182251,ssd,256,40000,ddim,,51,clap-laion-music,fma_pop
203,1716685020.8160808,0,11.853448867797852,ssd,256,40000,ddim,,51,vggish,fma_pop
204,1716685023.8235233,0,0.8282989263534546,ssd,256,40000,ddim,,51,clap-laion-audio,musiccaps
205,1716685026.7401538,0,0.9475290179252625,ssd,256,40000,ddim,,51,clap-laion-music,musiccaps
206,1716685029.5379736,0,16.182842254638672,ssd,256,40000,ddim,,51,vggish,musiccaps
207,1716684978.8265584,0,0.6274271607398987,ssd,256,40000,ddim,,409,clap-laion-audio,spotify_sleep_dataset
208,1716685018.8133335,0,0.6117863655090332,ssd,256,40000,ddim,,409,clap-laion-music,spotify_sleep_dataset
209,1716685041.9727526,0,5.740716457366943,ssd,256,40000,ddim,,409,vggish,spotify_sleep_dataset
210,1716685044.738362,0,0.7790440917015076,ssd,256,40000,ddim,,409,clap-laion-audio,fma_pop
211,1716685047.492507,0,0.8623453378677368,ssd,256,40000,ddim,,409,clap-laion-music,fma_pop
212,1716685049.8390903,0,11.457280158996582,ssd,256,40000,ddim,,409,vggish,fma_pop
213,1716685052.4735546,0,0.7516558766365051,ssd,256,40000,ddim,,409,clap-laion-audio,musiccaps
214,1716685055.204978,0,0.8621425032615662,ssd,256,40000,ddim,,409,clap-laion-music,musiccaps
215,1716685057.6651454,0,15.406704902648926,ssd,256,40000,ddim,,409,vggish,musiccaps
216,1716683931.0558665,0,0.623324990272522,ssd,256,40000,ddim,,1024,clap-laion-audio,spotify_sleep_dataset
217,1716684164.1621459,0,0.6115424036979675,ssd,256,40000,ddim,,1024,clap-laion-music,spotify_sleep_dataset
218,1716684337.9865491,0,5.630120277404785,ssd,256,40000,ddim,,1024,vggish,spotify_sleep_dataset
219,1716684396.5687394,0,0.7586297392845154,ssd,256,40000,ddim,,1024,clap-laion-audio,fma_pop
220,1716684500.3263059,0,0.844182014465332,ssd,256,40000,ddim,,1024,clap-laion-music,fma_pop
221,1716684646.2530296,0,10.959674835205078,ssd,256,40000,ddim,,1024,vggish,fma_pop
222,1716684731.466835,0,0.7295253276824951,ssd,256,40000,ddim,,1024,clap-laion-audio,musiccaps
223,1716684806.277944,0,0.842279314994812,ssd,256,40000,ddim,,1024,clap-laion-music,musiccaps
224,1716684881.1172833,0,15.071847915649414,ssd,256,40000,ddim,,1024,vggish,musiccaps
225,1716685044.3443167,0,0.6230277419090271,ssd,256,40000,ddim,,1843,clap-laion-audio,spotify_sleep_dataset
226,1716685153.2150867,0,0.6107829213142395,ssd,256,40000,ddim,,1843,clap-laion-music,spotify_sleep_dataset
227,1716685187.3832645,0,5.711682319641113,ssd,256,40000,ddim,,1843,vggish,spotify_sleep_dataset
228,1716685191.5811799,0,0.7604846954345703,ssd,256,40000,ddim,,1843,clap-laion-audio,fma_pop
229,1716685195.7793183,0,0.8456392288208008,ssd,256,40000,ddim,,1843,clap-laion-music,fma_pop
230,1716685199.6365516,0,11.138538360595703,ssd,256,40000,ddim,,1843,vggish,fma_pop
231,1716685203.4955328,0,0.7317132949829102,ssd,256,40000,ddim,,1843,clap-laion-audio,musiccaps
232,1716685207.4533553,0,0.8424800634384155,ssd,256,40000,ddim,,1843,clap-laion-music,musiccaps
233,1716685210.7370741,0,15.13991928100586,ssd,256,40000,ddim,,1843,vggish,musiccaps
234,1716267516.0219111,0,0.9496588706970215,ssd,64,40000,ddpm,,2048,clap-laion-audio,spotify_sleep_dataset
235,1716267567.154915,0,0.8376287221908569,ssd,64,40000,ddpm,,2048,clap-laion-music,spotify_sleep_dataset
236,1716267641.5601978,0,48.0794563293457,ssd,64,40000,ddpm,,2048,encodec-emb-48k,spotify_sleep_dataset
237,1716267675.8478606,0,189.23635864257812,ssd,64,40000,ddpm,,2048,encodec-emb,spotify_sleep_dataset
238,1716267724.4270234,0,53.08641815185547,ssd,64,40000,ddpm,,2048,MERT-v1-95M,spotify_sleep_dataset
239,1716267727.3274302,0,0.9664255976676941,ssd,64,40000,ddpm,,2048,clap-laion-audio,fma_pop
240,1716267730.2164416,0,1.0137207508087158,ssd,64,40000,ddpm,,2048,clap-laion-music,fma_pop
241,1716267753.5121093,0,168.3959197998047,ssd,64,40000,ddpm,,2048,encodec-emb-48k,fma_pop
242,1716267756.0911813,0,522.50732421875,ssd,64,40000,ddpm,,2048,encodec-emb,fma_pop
243,1716267759.7243989,0,51.81114959716797,ssd,64,40000,ddpm,,2048,MERT-v1-95M,fma_pop
244,1716267762.588042,0,0.9400225877761841,ssd,64,40000,ddpm,,2048,clap-laion-audio,musiccaps
245,1716267765.3878078,0,1.0308947563171387,ssd,64,40000,ddpm,,2048,clap-laion-music,musiccaps
246,1716267788.1172903,0,130.5143585205078,ssd,64,40000,ddpm,,2048,encodec-emb-48k,musiccaps
247,1716267790.49671,0,408.2763366699219,ssd,64,40000,ddpm,,2048,encodec-emb,musiccaps
248,1716267793.7161582,0,47.47027587890625,ssd,64,40000,ddpm,,2048,MERT-v1-95M,musiccaps
249,1716685884.4844618,0,0.952147901058197,ssd,64,40000,ddpm,,819,clap-laion-audio,spotify_sleep_dataset
250,1716685920.1629837,0,0.8425330519676208,ssd,64,40000,ddpm,,819,clap-laion-music,spotify_sleep_dataset
251,1716685931.811494,0,0.9719435572624207,ssd,64,40000,ddpm,,819,clap-laion-audio,fma_pop
252,1716685934.6734295,0,1.018656611442566,ssd,64,40000,ddpm,,819,clap-laion-music,fma_pop
253,1716685946.7504957,0,0.947053849697113,ssd,64,40000,ddpm,,819,clap-laion-audio,musiccaps
254,1716685949.4601736,0,1.0350462198257446,ssd,64,40000,ddpm,,819,clap-laion-music,musiccaps
255,1716685753.8453,0,0.9744951128959656,ssd,64,40000,ddpm,,102,clap-laion-audio,spotify_sleep_dataset
256,1716685779.6976132,0,0.8743323087692261,ssd,64,40000,ddpm,,102,clap-laion-music,spotify_sleep_dataset
257,1716685791.251031,0,1.0043784379959106,ssd,64,40000,ddpm,,102,clap-laion-audio,fma_pop
258,1716685794.3120778,0,1.0680216550827026,ssd,64,40000,ddpm,,102,clap-laion-music,fma_pop
259,1716685805.333279,0,0.9857211112976074,ssd,64,40000,ddpm,,102,clap-laion-audio,musiccaps
260,1716685808.2591221,0,1.0865813493728638,ssd,64,40000,ddpm,,102,clap-laion-music,musiccaps
261,1716685881.3237166,0,0.9519607424736023,ssd,64,40000,ddpm,,614,clap-laion-audio,spotify_sleep_dataset
262,1716685914.547327,0,0.8381850719451904,ssd,64,40000,ddpm,,614,clap-laion-music,spotify_sleep_dataset
263,1716685926.3577435,0,0.9766403436660767,ssd,64,40000,ddpm,,614,clap-laion-audio,fma_pop
264,1716685929.2474308,0,1.024434208869934,ssd,64,40000,ddpm,,614,clap-laion-music,fma_pop
265,1716685941.0669067,0,0.9500977993011475,ssd,64,40000,ddpm,,614,clap-laion-audio,musiccaps
266,1716685943.944074,0,1.0406605005264282,ssd,64,40000,ddpm,,614,clap-laion-music,musiccaps
267,1716685765.5216382,0,0.9495271444320679,ssd,64,40000,ddpm,,1228,clap-laion-audio,spotify_sleep_dataset
268,1716685806.419346,0,0.8386809229850769,ssd,64,40000,ddpm,,1228,clap-laion-music,spotify_sleep_dataset
269,1716685818.9702623,0,0.9694790244102478,ssd,64,40000,ddpm,,1228,clap-laion-audio,fma_pop
270,1716685821.7682343,0,1.0177733898162842,ssd,64,40000,ddpm,,1228,clap-laion-music,fma_pop
271,1716685833.5609863,0,0.9426584243774414,ssd,64,40000,ddpm,,1228,clap-laion-audio,musiccaps
272,1716685836.2803235,0,1.033402681350708,ssd,64,40000,ddpm,,1228,clap-laion-music,musiccaps
273,1716685800.6698198,0,0.948935866355896,ssd,64,40000,ddpm,,1433,clap-laion-audio,spotify_sleep_dataset
274,1716685851.052796,0,0.8340241312980652,ssd,64,40000,ddpm,,1433,clap-laion-music,spotify_sleep_dataset
275,1716685863.9278848,0,0.9703040719032288,ssd,64,40000,ddpm,,1433,clap-laion-audio,fma_pop
276,1716685866.7978528,0,1.012739896774292,ssd,64,40000,ddpm,,1433,clap-laion-music,fma_pop
277,1716685879.0902283,0,0.9433198571205139,ssd,64,40000,ddpm,,1433,clap-laion-audio,musiccaps
278,1716685882.1165588,0,1.0282304286956787,ssd,64,40000,ddpm,,1433,clap-laion-music,musiccaps
279,1716685796.0798206,0,0.9440569877624512,ssd,64,40000,ddpm,,1638,clap-laion-audio,spotify_sleep_dataset
280,1716685838.775206,0,0.8343533873558044,ssd,64,40000,ddpm,,1638,clap-laion-music,spotify_sleep_dataset
281,1716685851.0369806,0,0.9623314142227173,ssd,64,40000,ddpm,,1638,clap-laion-audio,fma_pop
282,1716685853.8484688,0,1.012252926826477,ssd,64,40000,ddpm,,1638,clap-laion-music,fma_pop
283,1716685865.8191345,0,0.9353052377700806,ssd,64,40000,ddpm,,1638,clap-laion-audio,musiccaps
284,1716685868.5054924,0,1.0287898778915405,ssd,64,40000,ddpm,,1638,clap-laion-music,musiccaps
285,1716685818.5212545,0,0.9680125713348389,ssd,64,40000,ddpm,,204,clap-laion-audio,spotify_sleep_dataset
286,1716685849.1591148,0,0.856067955493927,ssd,64,40000,ddpm,,204,clap-laion-music,spotify_sleep_dataset
287,1716685860.488383,0,1.0065251588821411,ssd,64,40000,ddpm,,204,clap-laion-audio,fma_pop
288,1716685863.4080946,0,1.0539987087249756,ssd,64,40000,ddpm,,204,clap-laion-music,fma_pop
289,1716685874.4907093,0,0.9782285690307617,ssd,64,40000,ddpm,,204,clap-laion-audio,musiccaps
290,1716685877.3449783,0,1.0683979988098145,ssd,64,40000,ddpm,,204,clap-laion-music,musiccaps
291,1716685837.3495085,0,1.081565499305725,ssd,64,40000,ddpm,,51,clap-laion-audio,spotify_sleep_dataset
292,1716685858.0322428,0,0.9426438212394714,ssd,64,40000,ddpm,,51,clap-laion-music,spotify_sleep_dataset
293,1716685869.137083,0,1.1304683685302734,ssd,64,40000,ddpm,,51,clap-laion-audio,fma_pop
294,1716685872.146071,0,1.1551826000213623,ssd,64,40000,ddpm,,51,clap-laion-music,fma_pop
295,1716685882.9277487,0,1.1102770566940308,ssd,64,40000,ddpm,,51,clap-laion-audio,musiccaps
296,1716685885.8606303,0,1.1767640113830566,ssd,64,40000,ddpm,,51,clap-laion-music,musiccaps
297,1716685850.775132,0,0.9543599486351013,ssd,64,40000,ddpm,,409,clap-laion-audio,spotify_sleep_dataset
298,1716685882.928776,0,0.844855010509491,ssd,64,40000,ddpm,,409,clap-laion-music,spotify_sleep_dataset
299,1716685894.4583147,0,0.9708608984947205,ssd,64,40000,ddpm,,409,clap-laion-audio,fma_pop
300,1716685897.3553255,0,1.0170260667800903,ssd,64,40000,ddpm,,409,clap-laion-music,fma_pop
301,1716685908.5396347,0,0.9418603777885437,ssd,64,40000,ddpm,,409,clap-laion-audio,musiccaps
302,1716685911.3293684,0,1.0307444334030151,ssd,64,40000,ddpm,,409,clap-laion-music,musiccaps
303,1716685714.8264167,0,0.9451440572738647,ssd,64,40000,ddpm,,1024,clap-laion-audio,spotify_sleep_dataset
304,1716685753.163116,0,0.8379814028739929,ssd,64,40000,ddpm,,1024,clap-laion-music,spotify_sleep_dataset
305,1716685771.6323857,0,0.9642364978790283,ssd,64,40000,ddpm,,1024,clap-laion-audio,fma_pop
306,1716685774.4241474,0,1.0168288946151733,ssd,64,40000,ddpm,,1024,clap-laion-music,fma_pop
307,1716685786.5501666,0,0.9363921284675598,ssd,64,40000,ddpm,,1024,clap-laion-audio,musiccaps
308,1716685789.2719276,0,1.0336005687713623,ssd,64,40000,ddpm,,1024,clap-laion-music,musiccaps
309,1716685851.5333276,0,0.9455156326293945,ssd,64,40000,ddpm,,1843,clap-laion-audio,spotify_sleep_dataset
310,1716685897.5576627,0,0.8350644707679749,ssd,64,40000,ddpm,,1843,clap-laion-music,spotify_sleep_dataset
311,1716685910.7097948,0,0.9655847549438477,ssd,64,40000,ddpm,,1843,clap-laion-audio,fma_pop
312,1716685913.4246266,0,1.0135494470596313,ssd,64,40000,ddpm,,1843,clap-laion-music,fma_pop
313,1716685926.1479318,0,0.9386893510818481,ssd,64,40000,ddpm,,1843,clap-laion-audio,musiccaps
314,1716685928.8163128,0,1.0301920175552368,ssd,64,40000,ddpm,,1843,clap-laion-music,musiccaps
315,1716267525.895689,0,1.0179181098937988,ssd,64,40000,ddim,,2048,clap-laion-audio,spotify_sleep_dataset
316,1716267584.2219977,0,0.8955639004707336,ssd,64,40000,ddim,,2048,clap-laion-music,spotify_sleep_dataset
317,1716267671.5393724,0,49.42609405517578,ssd,64,40000,ddim,,2048,encodec-emb-48k,spotify_sleep_dataset
318,1716267715.6179178,0,198.36251831054688,ssd,64,40000,ddim,,2048,encodec-emb,spotify_sleep_dataset
319,1716267770.8295403,0,53.47834777832031,ssd,64,40000,ddim,,2048,MERT-v1-95M,spotify_sleep_dataset
320,1716267773.6755915,0,1.0293253660202026,ssd,64,40000,ddim,,2048,clap-laion-audio,fma_pop
321,1716267776.4997463,0,1.0425629615783691,ssd,64,40000,ddim,,2048,clap-laion-music,fma_pop
322,1716267800.571131,0,171.0209503173828,ssd,64,40000,ddim,,2048,encodec-emb-48k,fma_pop
323,1716267803.0050793,0,537.4163208007812,ssd,64,40000,ddim,,2048,encodec-emb,fma_pop
324,1716267806.2683675,0,52.7119255065918,ssd,64,40000,ddim,,2048,MERT-v1-95M,fma_pop
325,1716267809.0159588,0,1.0053696632385254,ssd,64,40000,ddim,,2048,clap-laion-audio,musiccaps
326,1716267811.8233259,0,1.067980408668518,ssd,64,40000,ddim,,2048,clap-laion-music,musiccaps
327,1716267835.6139278,0,132.9014892578125,ssd,64,40000,ddim,,2048,encodec-emb-48k,musiccaps
328,1716267838.1504412,0,421.56744384765625,ssd,64,40000,ddim,,2048,encodec-emb,musiccaps
329,1716267841.2905707,0,48.50075149536133,ssd,64,40000,ddim,,2048,MERT-v1-95M,musiccaps
330,1716685670.43674,0,1.0178272724151611,ssd,64,40000,ddim,,819,clap-laion-audio,spotify_sleep_dataset
331,1716685705.7226222,0,0.8975588083267212,ssd,64,40000,ddim,,819,clap-laion-music,spotify_sleep_dataset
332,1716685717.1842194,0,1.0268772840499878,ssd,64,40000,ddim,,819,clap-laion-audio,fma_pop
333,1716685719.9295585,0,1.0439316034317017,ssd,64,40000,ddim,,819,clap-laion-music,fma_pop
334,1716685731.1340196,0,1.0051463842391968,ssd,64,40000,ddim,,819,clap-laion-audio,musiccaps
335,1716685733.7770207,0,1.0704463720321655,ssd,64,40000,ddim,,819,clap-laion-music,musiccaps
336,1716685506.5033038,0,1.0498623847961426,ssd,64,40000,ddim,,102,clap-laion-audio,spotify_sleep_dataset
337,1716685531.7549362,0,0.9256724715232849,ssd,64,40000,ddim,,102,clap-laion-music,spotify_sleep_dataset
338,1716685543.4548013,0,1.0809587240219116,ssd,64,40000,ddim,,102,clap-laion-audio,fma_pop
339,1716685546.7518554,0,1.0926400423049927,ssd,64,40000,ddim,,102,clap-laion-music,fma_pop
340,1716685558.0333557,0,1.05978262424469,ssd,64,40000,ddim,,102,clap-laion-audio,musiccaps
341,1716685560.9462829,0,1.1156961917877197,ssd,64,40000,ddim,,102,clap-laion-music,musiccaps
342,1716685671.947106,0,1.019156813621521,ssd,64,40000,ddim,,614,clap-laion-audio,spotify_sleep_dataset
343,1716685706.6974456,0,0.9011121392250061,ssd,64,40000,ddim,,614,clap-laion-music,spotify_sleep_dataset
344,1716685718.4071276,0,1.0264180898666382,ssd,64,40000,ddim,,614,clap-laion-audio,fma_pop
345,1716685721.9102092,0,1.0472025871276855,ssd,64,40000,ddim,,614,clap-laion-music,fma_pop
346,1716685734.1749046,0,1.0044405460357666,ssd,64,40000,ddim,,614,clap-laion-audio,musiccaps
347,1716685737.3792832,0,1.0733938217163086,ssd,64,40000,ddim,,614,clap-laion-music,musiccaps
348,1716685550.4059272,0,1.0217598676681519,ssd,64,40000,ddim,,1228,clap-laion-audio,spotify_sleep_dataset
349,1716685592.2387803,0,0.9006476998329163,ssd,64,40000,ddim,,1228,clap-laion-music,spotify_sleep_dataset
350,1716685604.4501774,0,1.0332344770431519,ssd,64,40000,ddim,,1228,clap-laion-audio,fma_pop
351,1716685607.187006,0,1.0527467727661133,ssd,64,40000,ddim,,1228,clap-laion-music,fma_pop
352,1716685619.0552332,0,1.0109480619430542,ssd,64,40000,ddim,,1228,clap-laion-audio,musiccaps
353,1716685621.7502398,0,1.0810209512710571,ssd,64,40000,ddim,,1228,clap-laion-music,musiccaps
354,1716685552.9391994,0,1.0153065919876099,ssd,64,40000,ddim,,1433,clap-laion-audio,spotify_sleep_dataset
355,1716685599.2785554,0,0.895416259765625,ssd,64,40000,ddim,,1433,clap-laion-music,spotify_sleep_dataset
356,1716685612.5890388,0,1.0256894826889038,ssd,64,40000,ddim,,1433,clap-laion-audio,fma_pop
357,1716685615.3915462,0,1.045015573501587,ssd,64,40000,ddim,,1433,clap-laion-music,fma_pop
358,1716685628.0649765,0,1.0038275718688965,ssd,64,40000,ddim,,1433,clap-laion-audio,musiccaps
359,1716685634.1130002,0,1.0710779428482056,ssd,64,40000,ddim,,1433,clap-laion-music,musiccaps
360,1716685596.2101367,0,1.0192018747329712,ssd,64,40000,ddim,,1638,clap-laion-audio,spotify_sleep_dataset
361,1716685641.563343,0,0.8984241485595703,ssd,64,40000,ddim,,1638,clap-laion-music,spotify_sleep_dataset
362,1716685654.718918,0,1.0297894477844238,ssd,64,40000,ddim,,1638,clap-laion-audio,fma_pop
363,1716685657.518041,0,1.0475558042526245,ssd,64,40000,ddim,,1638,clap-laion-music,fma_pop
364,1716685674.1554823,0,1.0066262483596802,ssd,64,40000,ddim,,1638,clap-laion-audio,musiccaps
365,1716685677.051775,0,1.074790120124817,ssd,64,40000,ddim,,1638,clap-laion-music,musiccaps
366,1716685633.516642,0,1.0494654178619385,ssd,64,40000,ddim,,204,clap-laion-audio,spotify_sleep_dataset
367,1716685670.2179172,0,0.9262868165969849,ssd,64,40000,ddim,,204,clap-laion-music,spotify_sleep_dataset
368,1716685682.0987024,0,1.077778697013855,ssd,64,40000,ddim,,204,clap-laion-audio,fma_pop
369,1716685685.1909864,0,1.0965139865875244,ssd,64,40000,ddim,,204,clap-laion-music,fma_pop
370,1716685697.0162156,0,1.0552159547805786,ssd,64,40000,ddim,,204,clap-laion-audio,musiccaps
371,1716685699.9458027,0,1.1300992965698242,ssd,64,40000,ddim,,204,clap-laion-music,musiccaps
372,1716685668.856535,0,1.1244428157806396,ssd,64,40000,ddim,,51,clap-laion-audio,spotify_sleep_dataset
373,1716685690.4775276,0,0.9771243333816528,ssd,64,40000,ddim,,51,clap-laion-music,spotify_sleep_dataset
374,1716685710.5202773,0,1.1640995740890503,ssd,64,40000,ddim,,51,clap-laion-audio,fma_pop
375,1716685714.3458593,0,1.1665786504745483,ssd,64,40000,ddim,,51,clap-laion-music,fma_pop
376,1716685725.6710124,0,1.1469135284423828,ssd,64,40000,ddim,,51,clap-laion-audio,musiccaps
377,1716685729.445318,0,1.1991567611694336,ssd,64,40000,ddim,,51,clap-laion-music,musiccaps
378,1716685688.7340574,0,1.0239198207855225,ssd,64,40000,ddim,,409,clap-laion-audio,spotify_sleep_dataset
379,1716685746.262002,0,0.9049220681190491,ssd,64,40000,ddim,,409,clap-laion-music,spotify_sleep_dataset
380,1716685763.9049358,0,1.0399378538131714,ssd,64,40000,ddim,,409,clap-laion-audio,fma_pop
381,1716685768.1808457,0,1.0627837181091309,ssd,64,40000,ddim,,409,clap-laion-music,fma_pop
382,1716685781.7006748,0,1.0178228616714478,ssd,64,40000,ddim,,409,clap-laion-audio,musiccaps
383,1716685785.5120187,0,1.092151403427124,ssd,64,40000,ddim,,409,clap-laion-music,musiccaps
384,1716685518.2668993,0,1.0205073356628418,ssd,64,40000,ddim,,1024,clap-laion-audio,spotify_sleep_dataset
385,1716685554.772024,0,0.8954595327377319,ssd,64,40000,ddim,,1024,clap-laion-music,spotify_sleep_dataset
386,1716685566.5437965,0,1.0336532592773438,ssd,64,40000,ddim,,1024,clap-laion-audio,fma_pop
387,1716685569.283605,0,1.0489065647125244,ssd,64,40000,ddim,,1024,clap-laion-music,fma_pop
388,1716685580.7584403,0,1.0112333297729492,ssd,64,40000,ddim,,1024,clap-laion-audio,musiccaps
389,1716685583.423834,0,1.0766723155975342,ssd,64,40000,ddim,,1024,clap-laion-music,musiccaps
390,1716685652.4611351,0,1.01386559009552,ssd,64,40000,ddim,,1843,clap-laion-audio,spotify_sleep_dataset
391,1716685706.4291804,0,0.8958633542060852,ssd,64,40000,ddim,,1843,clap-laion-music,spotify_sleep_dataset
392,1716685719.4562166,0,1.0251907110214233,ssd,64,40000,ddim,,1843,clap-laion-audio,fma_pop
393,1716685722.2728314,0,1.0446832180023193,ssd,64,40000,ddim,,1843,clap-laion-music,fma_pop
394,1716685734.8458855,0,1.002458095550537,ssd,64,40000,ddim,,1843,clap-laion-audio,musiccaps
395,1716685737.6049097,0,1.0719470977783203,ssd,64,40000,ddim,,1843,clap-laion-music,musiccaps
